Modèle,Avg_MSE,Avg_MAE,Avg_R²,Avg_RMSE
RandomForest,0.0013796489303439625,0.02512635147156295,0.8597464072256409,0.03570503542331273
